GeoAreaCode,GeoAreaName,2000,2001,2002,2003,2004,2005,2006,2007,2008,2009,2010,2011,2012,2013,2014,2015,2016,2017,2018,2019,2020,2021,2022,2023,2024
4,Afghanistan,0.92676,0.92647,0.9262,0.92607,0.92592,0.92583,0.92577,0.92574,0.92569,0.92564,0.9256,0.92554,0.92546,0.92539,0.92532,0.92527,0.92518,0.92509,0.92502,0.92498,0.9249,0.92484,0.92476,0.92469,0.92465
248,Åland Islands,0.99807,0.99807,0.99807,0.99807,0.99807,0.99801,0.99795,0.9979,0.99784,0.99779,0.99773,0.99768,0.99767,0.99767,0.99767,0.9977,0.9977,0.9977,0.99768,0.99765,0.99762,0.99762,0.99762,0.99762,0.99762
8,Albania,0.9154,0.91405,0.91263,0.9117,0.91082,0.9104,0.91016,0.90996,0.90979,0.90966,0.90949,0.90941,0.90933,0.90928,0.90923,0.90914,0.90905,0.90892,0.9087,0.90849,0.90829,0.908,0.90789,0.90772,0.90751
12,Algeria,0.92351,0.92336,0.9231,0.9228,0.92263,0.92253,0.92237,0.92223,0.92224,0.92193,0.9218,0.92156,0.92137,0.92116,0.92084,0.92061,0.92042,0.92015,0.91988,0.9197,0.91956,0.91938,0.9193,0.91925,0.91913
16,American Samoa,0.87614,0.8758,0.87566,0.87586,0.87539,0.8755,0.87571,0.87535,0.87612,0.87603,0.87515,0.8756,0.87425,0.87399,0.87374,0.87304,0.8729,0.87334,0.87246,0.87203,0.87117,0.8721,0.87109,0.8711,0.871
20,Andorra,0.96434,0.96339,0.96254,0.96164,0.9608,0.96064,0.96053,0.96042,0.96029,0.96017,0.96004,0.95994,0.95989,0.95992,0.96002,0.95992,0.95978,0.95915,0.95801,0.95697,0.95611,0.95579,0.95556,0.95543,0.95534
24,Angola,0.93287,0.93277,0.93273,0.93271,0.93265,0.93255,0.9326,0.93249,0.93246,0.93245,0.93236,0.93233,0.9322,0.93203,0.9318,0.93162,0.93147,0.93135,0.93131,0.93127,0.93122,0.93123,0.93127,0.93126,0.93125
660,Anguilla,0.93081,0.92945,0.92771,0.92597,0.92442,0.92299,0.92133,0.91996,0.91843,0.91714,0.91563,0.91394,0.91248,0.91098,0.90911,0.90741,0.90619,0.90433,0.90291,0.90164,0.89994,0.8983,0.89614,0.89487,0.89305
28,Antigua and Barbuda,0.91576,0.91461,0.91366,0.91223,0.91127,0.91006,0.90899,0.90786,0.90669,0.90583,0.90457,0.9037,0.90276,0.90143,0.90017,0.89923,0.89772,0.89662,0.89566,0.89427,0.8931,0.89223,0.89119,0.89,0.88911
32,Argentina,0.86178,0.86138,0.86123,0.86084,0.86065,0.86034,0.8602,0.86004,0.85982,0.85971,0.85954,0.85945,0.85931,0.85938,0.8593,0.85933,0.8592,0.85916,0.85909,0.85904,0.8589,0.85878,0.85875,0.85868,0.85866
51,Armenia,0.86156,0.86134,0.86111,0.86063,0.85916,0.85687,0.8547,0.85176,0.85012,0.84881,0.84766,0.84719,0.84677,0.84621,0.84582,0.84538,0.84459,0.84415,0.8434,0.84267,0.84192,0.84141,0.84071,0.84015,0.83949
533,Aruba,0.97314,0.97333,0.97331,0.97343,0.97342,0.97335,0.97389,0.97418,0.97427,0.97458,0.9747,0.97488,0.97499,0.97508,0.9751,0.97514,0.97517,0.97526,0.97528,0.97531,0.97535,0.97538,0.9754,0.97548,0.9755
36,Australia,0.88399,0.88035,0.87748,0.87459,0.87117,0.86828,0.86554,0.86273,0.85947,0.85714,0.85479,0.85155,0.84939,0.84601,0.84247,0.83966,0.83713,0.83409,0.83079,0.82781,0.82571,0.8222,0.81931,0.81665,0.81359
53,Australia and New Zealand,0.86626,0.86309,0.86021,0.85691,0.85428,0.851,0.84809,0.84538,0.84274,0.84056,0.83781,0.83532,0.8322,0.8292,0.82644,0.82412,0.82071,0.81844,0.81569,0.81234,0.80942,0.8071,0.80416,0.80098,0.79814
40,Austria,0.89713,0.8971,0.89709,0.89706,0.89704,0.89582,0.89455,0.89329,0.89199,0.89075,0.88946,0.88822,0.88701,0.88615,0.8853,0.88461,0.88349,0.88226,0.88101,0.87975,0.87844,0.87727,0.87595,0.87516,0.87392
31,Azerbaijan,0.94285,0.94215,0.94165,0.94121,0.94095,0.94067,0.94034,0.94043,0.94045,0.94046,0.94045,0.94044,0.94048,0.94052,0.94085,0.9409,0.94099,0.94099,0.94101,0.94103,0.94103,0.94127,0.94108,0.94173,0.94192
44,Bahamas,0.73465,0.73356,0.73259,0.73153,0.73046,0.72934,0.72805,0.72724,0.7261,0.72511,0.72427,0.72289,0.72151,0.72009,0.71867,0.71662,0.71468,0.71265,0.71026,0.70838,0.70636,0.70497,0.7036,0.70267,0.70138
48,Bahrain,0.80238,0.79942,0.79621,0.79311,0.78996,0.78681,0.78394,0.78108,0.77837,0.77619,0.77375,0.77113,0.76822,0.76439,0.76131,0.75864,0.75616,0.7529,0.7501,0.74714,0.74424,0.7414,0.73839,0.73596,0.73279
50,Bangladesh,0.83145,0.82748,0.82344,0.82004,0.81606,0.81191,0.80784,0.80366,0.79935,0.79541,0.79101,0.78715,0.78299,0.77926,0.77411,0.77008,0.76637,0.76138,0.7575,0.75298,0.74894,0.74437,0.74125,0.73698,0.7323
52,Barbados,0.89404,0.89259,0.89115,0.88975,0.88804,0.88682,0.88549,0.88395,0.88264,0.88126,0.87987,0.8788,0.87713,0.87581,0.87453,0.87317,0.87181,0.87004,0.86902,0.86751,0.86615,0.86458,0.86334,0.86141,0.86031
112,Belarus,0.94727,0.94845,0.94963,0.95081,0.95206,0.95324,0.95449,0.95574,0.95698,0.95798,0.95895,0.96008,0.96153,0.96311,0.96451,0.96571,0.9674,0.96868,0.96975,0.97088,0.97226,0.97329,0.97492,0.97562,0.97664
56,Belgium,0.98393,0.98389,0.98389,0.9839,0.98384,0.98363,0.98304,0.98273,0.98229,0.98176,0.98137,0.98121,0.98083,0.98079,0.98077,0.98078,0.98067,0.98052,0.98016,0.97971,0.97934,0.97893,0.97842,0.9781,0.97763
84,Belize,0.80273,0.80121,0.79958,0.7981,0.79687,0.79574,0.79514,0.79452,0.79391,0.79346,0.79291,0.79239,0.79169,0.79106,0.79052,0.78945,0.78908,0.78853,0.7877,0.78676,0.78622,0.78578,0.78496,0.78398,0.78394
204,Benin,0.90944,0.90935,0.9093,0.90926,0.90932,0.90939,0.90951,0.90953,0.90956,0.90962,0.90957,0.90959,0.90957,0.90955,0.90955,0.90955,0.90958,0.90956,0.90957,0.90958,0.90958,0.90959,0.90959,0.90957,0.90957
60,Bermuda,0.62205,0.62065,0.6204,0.61875,0.6189,0.61775,0.61862,0.61879,0.61894,0.61829,0.61814,0.6173,0.61651,0.61493,0.61335,0.61331,0.6114,0.61016,0.60886,0.60817,0.60573,0.60618,0.60477,0.60342,0.60205
64,Bhutan,0.82184,0.82166,0.82153,0.82153,0.82159,0.82156,0.82155,0.82147,0.82157,0.82155,0.82167,0.82184,0.8219,0.82173,0.82185,0.82207,0.82203,0.82209,0.82203,0.82207,0.82223,0.82224,0.82225,0.82218,0.82218
68,Bolivia (Plurinational State of),0.86433,0.86361,0.86292,0.8622,0.86146,0.8609,0.86033,0.85968,0.85919,0.85871,0.85819,0.85761,0.85699,0.85667,0.85625,0.85568,0.85521,0.8547,0.85426,0.85374,0.8532,0.85291,0.85237,0.852,0.8516
535,"Bonaire, Sint Eustatius and Saba",0.91388,0.91239,0.91174,0.91036,0.90932,0.90811,0.90705,0.90583,0.90504,0.90408,0.90305,0.90212,0.90065,0.89939,0.89829,0.89702,0.89531,0.89382,0.89231,0.89162,0.8901,0.88881,0.88731,0.88622,0.88429
70,Bosnia and Herzegovina,0.89427,0.89421,0.8942,0.89411,0.89381,0.89352,0.89328,0.89287,0.89251,0.8921,0.89177,0.89141,0.89117,0.891,0.89086,0.89081,0.89047,0.8902,0.88992,0.88945,0.88904,0.88866,0.88828,0.88789,0.88755
72,Botswana,0.97737,0.97732,0.97723,0.97716,0.97712,0.97701,0.97689,0.97675,0.97662,0.97651,0.9764,0.97628,0.97618,0.97617,0.97616,0.97616,0.97614,0.97613,0.97611,0.9761,0.97609,0.97609,0.97609,0.97609,0.9761
74,Bouvet Island,0.92719,0.92772,0.92784,0.92828,0.92876,0.92926,0.93014,0.93065,0.93135,0.93193,0.93194,0.93267,0.93308,0.93351,0.93396,0.93439,0.93486,0.93545,0.93586,0.93603,0.9363,0.93665,0.93674,0.93682,0.93718
76,Brazil,0.89852,0.89778,0.89709,0.89623,0.89545,0.89486,0.89421,0.89349,0.89292,0.89216,0.89149,0.89078,0.89021,0.8896,0.88903,0.88836,0.88762,0.88713,0.88657,0.886,0.8856,0.88484,0.88449,0.88397,0.88345
86,British Indian Ocean Territory,0.91703,0.91113,0.90597,0.90181,0.89746,0.89235,0.88857,0.88404,0.87998,0.87599,0.87071,0.86652,0.86123,0.85674,0.85038,0.84596,0.84053,0.83544,0.82974,0.8254,0.81977,0.8153,0.80915,0.80496,0.79985
92,British Virgin Islands,0.78799,0.78636,0.7849,0.78342,0.78243,0.78176,0.78104,0.78065,0.78012,0.77954,0.77886,0.77865,0.77814,0.77732,0.77619,0.77589,0.77507,0.77478,0.77408,0.77339,0.77281,0.772,0.77156,0.77111,0.77039
96,Brunei Darussalam,0.86577,0.86438,0.86351,0.86272,0.86218,0.86165,0.86113,0.86051,0.85985,0.85904,0.85817,0.85732,0.85652,0.85557,0.85487,0.85449,0.8541,0.85362,0.85309,0.85269,0.85239,0.85211,0.8517,0.85127,0.85114
100,Bulgaria,0.94185,0.94153,0.94121,0.94089,0.94086,0.94064,0.94035,0.94019,0.9401,0.93998,0.93981,0.93977,0.93972,0.93973,0.93989,0.93999,0.94001,0.93999,0.93982,0.93962,0.93942,0.93925,0.93905,0.9389,0.93874
854,Burkina Faso,0.98849,0.98835,0.9882,0.98803,0.98783,0.98765,0.98746,0.98726,0.98701,0.98674,0.98653,0.98629,0.98623,0.98614,0.98609,0.98605,0.98602,0.98597,0.98592,0.9859,0.98584,0.98583,0.98581,0.98577,0.98574
108,Burundi,0.90045,0.90043,0.90041,0.90039,0.90037,0.90033,0.9003,0.90027,0.90025,0.90023,0.9002,0.90018,0.90016,0.90015,0.90013,0.90013,0.90011,0.9001,0.90009,0.90008,0.90007,0.90006,0.90006,0.90005,0.90005
132,Cabo Verde,0.89725,0.8973,0.89758,0.89853,0.89943,0.89977,0.9006,0.90169,0.90206,0.90315,0.9035,0.90386,0.90427,0.90471,0.90486,0.90527,0.90536,0.90548,0.90559,0.90579,0.90599,0.90616,0.90638,0.90645,0.90668
116,Cambodia,0.85278,0.85035,0.84735,0.84475,0.84265,0.84001,0.83784,0.83527,0.8333,0.8307,0.82837,0.82577,0.82265,0.81998,0.81723,0.81408,0.81118,0.80867,0.80582,0.8033,0.8011,0.79847,0.79626,0.79396,0.79129
120,Cameroon,0.84861,0.84848,0.84839,0.84831,0.84816,0.84797,0.84773,0.84745,0.84706,0.84681,0.84658,0.8463,0.84599,0.84571,0.84549,0.84509,0.84488,0.84458,0.84421,0.84397,0.84375,0.84346,0.84316,0.84288,0.84261
124,Canada,0.97167,0.97149,0.97132,0.97112,0.9709,0.97066,0.9704,0.97015,0.96992,0.96972,0.96956,0.9694,0.96923,0.96905,0.96884,0.96866,0.96848,0.96828,0.96808,0.96793,0.96781,0.96757,0.96743,0.96731,0.96711
136,Cayman Islands,0.84113,0.83999,0.839,0.83792,0.83685,0.83576,0.83489,0.83401,0.8332,0.8323,0.83141,0.83055,0.82928,0.82806,0.82721,0.82583,0.82469,0.82366,0.82264,0.82165,0.82057,0.81971,0.81857,0.81761,0.81624
140,Central African Republic,0.93763,0.93753,0.93746,0.93743,0.93734,0.93727,0.93729,0.93719,0.93725,0.93713,0.93708,0.937,0.93694,0.93692,0.9369,0.9369,0.9369,0.93689,0.9369,0.93688,0.93688,0.93685,0.93684,0.93681,0.93676
62,Central and Southern Asia,0.75832,0.75519,0.75158,0.74729,0.74412,0.7404,0.73724,0.73296,0.72909,0.72662,0.7231,0.71988,0.71621,0.71231,0.70873,0.70494,0.70142,0.69765,0.69388,0.69022,0.68677,0.68322,0.67979,0.67588,0.67319
143,Central Asia,0.93239,0.93043,0.92851,0.92672,0.9254,0.92451,0.92385,0.92343,0.92307,0.9227,0.92234,0.922,0.92165,0.92127,0.92082,0.92039,0.9199,0.91965,0.91917,0.91878,0.91835,0.91812,0.91774,0.91739,0.91704
148,Chad,0.92041,0.92009,0.91973,0.91935,0.91889,0.91853,0.91817,0.91772,0.91715,0.91679,0.91631,0.91589,0.91555,0.91524,0.91493,0.91471,0.91444,0.91422,0.91402,0.91366,0.91342,0.91321,0.91294,0.91274,0.91257
152,Chile,0.83092,0.82809,0.82496,0.8215,0.81839,0.8151,0.81199,0.80886,0.80583,0.80296,0.80027,0.7972,0.79412,0.79101,0.7874,0.7841,0.78081,0.77744,0.77514,0.77123,0.7683,0.76583,0.76177,0.75857,0.7552
156,China,0.80206,0.79879,0.79543,0.79235,0.78858,0.78564,0.78222,0.77871,0.77588,0.77252,0.76956,0.76695,0.76331,0.76023,0.75662,0.7532,0.7506,0.74716,0.74403,0.74062,0.7372,0.73364,0.73105,0.72795,0.72383
344,"China, Hong Kong Special Administrative Region",0.89603,0.89563,0.89521,0.89477,0.89436,0.89401,0.89361,0.89339,0.89315,0.8928,0.8926,0.89217,0.89176,0.8913,0.89086,0.89056,0.89007,0.88966,0.88914,0.88886,0.88851,0.88804,0.8875,0.88717,0.88665
446,"China, Macao Special Administrative Region",0.84045,0.83975,0.83906,0.83836,0.83767,0.83697,0.83628,0.83558,0.83558,0.83489,0.83431,0.83361,0.83282,0.83213,0.83124,0.83059,0.8299,0.82888,0.82832,0.82749,0.82679,0.82601,0.82564,0.82453,0.82422
162,Christmas Island,0.64524,0.6388,0.63498,0.63211,0.62895,0.6217,0.61439,0.60573,0.59673,0.58881,0.58048,0.57184,0.56246,0.55335,0.54393,0.5353,0.52545,0.51495,0.50775,0.49992,0.48762,0.47987,0.47051,0.46333,0.45233
166,Cocos (Keeling) Islands,0.8413,0.83739,0.83498,0.83128,0.82817,0.82472,0.82144,0.81793,0.81485,0.81161,0.80833,0.80547,0.80217,0.79816,0.79404,0.79075,0.78724,0.78404,0.78019,0.77674,0.77369,0.77004,0.76668,0.76347,0.7589
170,Colombia,0.76388,0.76252,0.76112,0.75971,0.75853,0.75736,0.75616,0.75517,0.75393,0.75283,0.75189,0.75066,0.74951,0.74851,0.74729,0.74602,0.74492,0.74369,0.74254,0.74155,0.74026,0.739,0.73786,0.7365,0.7359
174,Comoros,0.8249,0.82023,0.81638,0.81184,0.80779,0.80352,0.80077,0.79676,0.7931,0.78872,0.78565,0.78071,0.77748,0.77367,0.76737,0.76383,0.75763,0.75431,0.7487,0.7452,0.74126,0.73651,0.73023,0.72806,0.72311
178,Congo,0.96765,0.96756,0.96755,0.96745,0.96744,0.96746,0.96752,0.96748,0.96743,0.96745,0.96736,0.96733,0.96724,0.96716,0.96711,0.96702,0.96711,0.96711,0.96707,0.96706,0.9671,0.96693,0.96693,0.96684,0.96675
184,Cook Islands,0.8244,0.82375,0.8231,0.82253,0.82241,0.82189,0.82183,0.82202,0.82066,0.81932,0.81734,0.81505,0.81293,0.81099,0.8085,0.80649,0.80397,0.80146,0.79877,0.79696,0.79511,0.79271,0.79117,0.78751,0.78522
188,Costa Rica,0.86504,0.86323,0.86178,0.86041,0.8594,0.85829,0.85737,0.85671,0.85614,0.85545,0.85499,0.85421,0.85314,0.85263,0.85177,0.851,0.85,0.84902,0.84827,0.84712,0.84667,0.84576,0.84458,0.84379,0.84311
384,Côte d'Ivoire,0.91096,0.91086,0.91084,0.91072,0.9107,0.91061,0.91052,0.91045,0.91028,0.91024,0.91022,0.9101,0.91009,0.9101,0.91003,0.91008,0.91007,0.91004,0.9099,0.90988,0.90981,0.9098,0.90972,0.90975,0.90977
191,Croatia,0.89852,0.89819,0.8979,0.89751,0.89726,0.89679,0.89633,0.89587,0.89544,0.89495,0.89447,0.894,0.89354,0.89311,0.8927,0.89229,0.89178,0.89126,0.8906,0.89005,0.88949,0.88898,0.88848,0.88821,0.88783
192,Cuba,0.70523,0.70405,0.70286,0.70162,0.70045,0.69924,0.69819,0.69672,0.69536,0.69414,0.69273,0.6915,0.69006,0.68892,0.6879,0.6865,0.68518,0.68411,0.68293,0.68175,0.68045,0.67935,0.67821,0.6772,0.67562
531,Curaçao,0.91743,0.916,0.91492,0.91325,0.91218,0.91081,0.91002,0.90887,0.90833,0.90719,0.90627,0.90461,0.90382,0.90228,0.90111,0.89975,0.89848,0.89699,0.89574,0.8941,0.89311,0.89197,0.89046,0.88923,0.88803
196,Cyprus,0.91426,0.91427,0.91433,0.91442,0.9145,0.91452,0.91453,0.91454,0.91454,0.91453,0.91452,0.91453,0.91455,0.91551,0.91654,0.91756,0.9183,0.9183,0.91832,0.91819,0.91809,0.91806,0.91805,0.91806,0.91806
203,Czechia,0.97769,0.97765,0.97762,0.97762,0.97762,0.97714,0.97655,0.97594,0.97535,0.97478,0.97412,0.97365,0.97338,0.97302,0.9729,0.97268,0.97243,0.97201,0.97148,0.97095,0.97019,0.96957,0.96899,0.96853,0.96806
408,Democratic People's Republic of Korea,0.91803,0.91682,0.91557,0.91447,0.91398,0.91352,0.91272,0.91243,0.91175,0.91131,0.91078,0.9104,0.90985,0.90906,0.9089,0.90802,0.90723,0.90677,0.9062,0.90559,0.90486,0.9041,0.90357,0.90324,0.90194
180,Democratic Republic of the Congo,0.88363,0.88362,0.88362,0.88362,0.88356,0.8835,0.88346,0.88343,0.88338,0.88335,0.88322,0.88325,0.88319,0.88315,0.8832,0.88317,0.88314,0.88316,0.88314,0.88308,0.88303,0.88305,0.88306,0.88293,0.883
208,Denmark,0.98027,0.97997,0.97969,0.97946,0.97948,0.97947,0.97956,0.9796,0.97963,0.97963,0.97964,0.97971,0.97977,0.97992,0.98013,0.98039,0.98056,0.98069,0.98076,0.98078,0.98082,0.98084,0.98088,0.98095,0.98097
262,Djibouti,0.8737,0.87076,0.86806,0.86564,0.86287,0.86053,0.85776,0.85558,0.8536,0.85147,0.8494,0.84673,0.84372,0.8412,0.83887,0.83568,0.83262,0.83055,0.82753,0.82578,0.82275,0.81912,0.81742,0.81473,0.81195
212,Dominica,0.72519,0.72331,0.72147,0.71976,0.71833,0.71688,0.71576,0.71477,0.71378,0.71284,0.71196,0.71103,0.70977,0.70889,0.70789,0.70655,0.70478,0.70265,0.70052,0.69801,0.69643,0.69429,0.69328,0.69213,0.69112
214,Dominican Republic,0.75674,0.75543,0.75413,0.7528,0.75144,0.75043,0.74926,0.74792,0.74702,0.74595,0.74465,0.74386,0.74257,0.74143,0.74013,0.7394,0.73789,0.73697,0.73575,0.7346,0.73359,0.7322,0.73122,0.73014,0.72873
753,Eastern and South-Eastern Asia,0.80046,0.79667,0.79167,0.78814,0.78395,0.77984,0.77578,0.77183,0.76776,0.76502,0.76102,0.75745,0.753,0.74855,0.74433,0.73988,0.73546,0.73107,0.72727,0.72305,0.71858,0.71508,0.7106,0.70711,0.70258
30,Eastern Asia,0.79651,0.79266,0.78917,0.78569,0.78229,0.77844,0.77479,0.77095,0.7673,0.76465,0.76153,0.75796,0.75441,0.75059,0.74711,0.74307,0.7395,0.73528,0.73178,0.72824,0.72468,0.72033,0.71686,0.71287,0.71011
218,Ecuador,0.76207,0.75706,0.75205,0.74685,0.74231,0.73722,0.73242,0.72771,0.72334,0.71866,0.71432,0.71007,0.7052,0.70061,0.6955,0.69138,0.68613,0.68135,0.67723,0.67203,0.66694,0.66286,0.65856,0.65321,0.64866
818,Egypt,0.96102,0.9585,0.95555,0.95305,0.95065,0.948,0.94543,0.9431,0.94096,0.93845,0.93616,0.9337,0.93114,0.92875,0.92722,0.92411,0.922,0.91943,0.91757,0.91514,0.91269,0.9109,0.90743,0.90492,0.90336
222,El Salvador,0.83928,0.83785,0.8362,0.83485,0.83337,0.83174,0.83037,0.82891,0.82756,0.82634,0.82525,0.82388,0.82251,0.82108,0.81988,0.81814,0.81706,0.8156,0.8142,0.81282,0.81136,0.81014,0.80887,0.8076,0.80584
226,Equatorial Guinea,0.81595,0.81577,0.81568,0.81558,0.81553,0.81546,0.81545,0.8154,0.8154,0.8154,0.81537,0.81533,0.81529,0.81524,0.8152,0.81514,0.8151,0.81505,0.81504,0.81499,0.81504,0.81503,0.81508,0.81508,0.81511
232,Eritrea,0.94087,0.93814,0.93588,0.93309,0.93066,0.92755,0.92537,0.92271,0.92043,0.9181,0.916,0.91349,0.91071,0.90807,0.90595,0.90355,0.90121,0.89853,0.89521,0.89385,0.89083,0.889,0.88579,0.88472,0.88104
233,Estonia,0.98626,0.98613,0.98601,0.98588,0.98576,0.98559,0.98542,0.98526,0.98509,0.98494,0.9848,0.98471,0.98471,0.98471,0.9849,0.98509,0.98522,0.98522,0.98522,0.98519,0.98516,0.98516,0.98516,0.98516,0.98516
748,Eswatini,0.81427,0.81424,0.81422,0.81419,0.81416,0.81412,0.81407,0.81404,0.81399,0.81394,0.81389,0.81385,0.81382,0.8138,0.81378,0.81376,0.81375,0.81373,0.81372,0.81371,0.8137,0.81368,0.81367,0.81366,0.81365
231,Ethiopia,0.85105,0.85093,0.8505,0.85018,0.84989,0.84956,0.84909,0.8488,0.84862,0.84826,0.84806,0.84784,0.84745,0.84748,0.84728,0.84701,0.84696,0.8468,0.84653,0.84663,0.84652,0.84627,0.84609,0.84608,0.84578
150,Europe,0.91383,0.91078,0.90765,0.90443,0.90089,0.89738,0.89355,0.88994,0.88612,0.88262,0.87942,0.87514,0.87118,0.86787,0.86418,0.85993,0.85696,0.85278,0.84923,0.84587,0.84238,0.8377,0.83522,0.83156,0.82699
513,Europe and Northern America,0.86809,0.86663,0.8652,0.86369,0.86203,0.86038,0.85897,0.85738,0.85547,0.85401,0.85257,0.85095,0.84955,0.84818,0.84675,0.84526,0.84373,0.8421,0.84038,0.839,0.83779,0.83623,0.83466,0.83298,0.83163
238,Falkland Islands (Malvinas),0.72377,0.72375,0.72399,0.72462,0.72619,0.72817,0.73153,0.73401,0.73668,0.73856,0.73944,0.73952,0.73962,0.73963,0.73978,0.73997,0.73993,0.7402,0.74027,0.74029,0.74033,0.74048,0.7405,0.74048,0.74054
234,Faroe Islands,0.8667,0.86568,0.86519,0.86612,0.86586,0.86614,0.8666,0.86703,0.86771,0.86761,0.86804,0.86995,0.8717,0.8723,0.87287,0.87353,0.8729,0.87332,0.8747,0.87475,0.87606,0.87611,0.87655,0.87676,0.87679
242,Fiji,0.73701,0.73518,0.7334,0.73099,0.72937,0.72776,0.7259,0.72364,0.7222,0.72103,0.71921,0.71729,0.71572,0.71265,0.71085,0.70918,0.70728,0.70523,0.70342,0.70128,0.69901,0.69731,0.69573,0.69282,0.69189
246,Finland,0.99141,0.99139,0.99137,0.99134,0.99132,0.99121,0.9911,0.99099,0.99088,0.99078,0.99068,0.99058,0.99058,0.99058,0.99068,0.99078,0.99082,0.99082,0.99082,0.99079,0.99076,0.99076,0.99076,0.99076,0.99076
250,France,0.94732,0.94337,0.93957,0.93515,0.93042,0.92406,0.91796,0.91135,0.90601,0.90132,0.89666,0.89217,0.88778,0.88398,0.87936,0.87541,0.87029,0.86581,0.86105,0.85524,0.8511,0.84679,0.84309,0.83774,0.83407
254,French Guiana,0.97961,0.9792,0.97881,0.97845,0.9774,0.97606,0.97431,0.97223,0.97018,0.96833,0.96618,0.96422,0.96195,0.9601,0.95817,0.95596,0.95387,0.95186,0.94998,0.94793,0.94619,0.94432,0.94228,0.94073,0.93896
258,French Polynesia,0.75118,0.74897,0.7468,0.74515,0.74285,0.74101,0.73849,0.73642,0.73493,0.7327,0.73055,0.72826,0.72567,0.72393,0.72156,0.71913,0.71695,0.71399,0.71205,0.70991,0.70794,0.70552,0.70375,0.69978,0.69899
260,French Southern Territories,0.87911,0.87673,0.87484,0.87249,0.87022,0.86798,0.86596,0.86457,0.86227,0.86054,0.85861,0.85643,0.8542,0.85124,0.8493,0.84689,0.84445,0.84198,0.83943,0.83762,0.83529,0.83276,0.83121,0.8279,0.82523
266,Gabon,0.95454,0.95429,0.95426,0.95416,0.95415,0.95413,0.95409,0.95407,0.95394,0.95382,0.95375,0.95367,0.9536,0.95358,0.95358,0.95359,0.9536,0.95354,0.9535,0.95348,0.95351,0.95346,0.95342,0.95343,0.95341
270,Gambia,0.96179,0.96177,0.96176,0.96171,0.96165,0.96159,0.96152,0.96144,0.96139,0.96133,0.96128,0.96123,0.96119,0.96117,0.96114,0.96111,0.96108,0.96106,0.96103,0.96101,0.961,0.96098,0.96097,0.96097,0.96097
268,Georgia,0.95925,0.95893,0.95864,0.95823,0.95691,0.95418,0.94971,0.94508,0.94272,0.94148,0.93994,0.93908,0.93816,0.93724,0.93625,0.93542,0.93456,0.93382,0.93278,0.93191,0.93096,0.9302,0.92932,0.92856,0.92782
276,Germany,0.98216,0.98204,0.98194,0.98172,0.98164,0.98126,0.9807,0.98021,0.97972,0.97922,0.97874,0.97831,0.97806,0.97785,0.9778,0.97769,0.97753,0.97719,0.97678,0.97633,0.9758,0.97524,0.9749,0.97441,0.97399
288,Ghana,0.83875,0.8387,0.83881,0.83869,0.83846,0.83821,0.83792,0.83739,0.83701,0.83658,0.83634,0.83597,0.8357,0.83541,0.8351,0.83477,0.8344,0.83421,0.83386,0.83343,0.83316,0.83281,0.8326,0.83232,0.83204
292,Gibraltar,0.94383,0.94248,0.94136,0.94052,0.93973,0.93965,0.93955,0.93942,0.93931,0.93919,0.93909,0.93897,0.9385,0.93726,0.93583,0.93424,0.93272,0.93128,0.93011,0.92864,0.92763,0.92736,0.92725,0.92718,0.92711
300,Greece,0.87069,0.87074,0.87086,0.87122,0.87142,0.87156,0.87172,0.87169,0.87178,0.87188,0.87205,0.87176,0.87142,0.87093,0.8703,0.86971,0.86903,0.86842,0.86771,0.86708,0.86669,0.86655,0.86629,0.86619,0.86605
304,Greenland,0.93696,0.93583,0.93446,0.933,0.93185,0.93059,0.92948,0.92854,0.92781,0.92696,0.92617,0.92479,0.92274,0.91989,0.91694,0.91445,0.91253,0.91064,0.90934,0.90884,0.9081,0.90727,0.90653,0.906,0.90515
308,Grenada,0.64503,0.64376,0.64249,0.64125,0.64028,0.63919,0.63808,0.63684,0.63581,0.63506,0.63366,0.63246,0.63118,0.63004,0.62911,0.62749,0.62617,0.62505,0.62371,0.62273,0.62158,0.62038,0.61919,0.61808,0.61703
312,Guadeloupe,0.5865,0.5865,0.5865,0.5865,0.5865,0.5865,0.58651,0.58651,0.58651,0.58652,0.58652,0.58652,0.58652,0.58652,0.58652,0.58652,0.58652,0.58652,0.58652,0.58652,0.58652,0.58652,0.58653,0.58653,0.58653
316,Guam,0.62851,0.61594,0.60445,0.59488,0.58609,0.57422,0.56008,0.54961,0.53905,0.52694,0.51501,0.50397,0.49324,0.48115,0.47217,0.46307,0.45086,0.44031,0.42897,0.4152,0.40127,0.38912,0.37736,0.36766,0.35335
320,Guatemala,0.74609,0.74426,0.74266,0.74104,0.73968,0.73848,0.73718,0.73643,0.73513,0.73417,0.73347,0.73185,0.73054,0.7296,0.72806,0.72666,0.72544,0.72394,0.72305,0.72151,0.72034,0.71884,0.71788,0.71651,0.71532
831,Guernsey,0.94444,0.94368,0.94263,0.94176,0.94142,0.94122,0.94171,0.94223,0.94269,0.94331,0.94345,0.94391,0.94416,0.94419,0.94449,0.94428,0.94472,0.94471,0.9451,0.94546,0.9456,0.9459,0.94605,0.94624,0.94655
324,Guinea,0.89709,0.89692,0.89684,0.89663,0.89644,0.89614,0.89592,0.89556,0.8954,0.89515,0.89511,0.89495,0.89496,0.8949,0.89484,0.89474,0.89462,0.8946,0.89449,0.89438,0.89436,0.89419,0.89414,0.89408,0.89407
624,Guinea-Bissau,0.91016,0.91009,0.91003,0.90993,0.90984,0.90974,0.90965,0.90954,0.90946,0.90938,0.9093,0.90925,0.9092,0.90915,0.9091,0.90908,0.90904,0.90901,0.90899,0.90895,0.90893,0.90891,0.90887,0.90884,0.90883
328,Guyana,0.89827,0.898,0.89762,0.89717,0.89648,0.89561,0.89439,0.89339,0.89229,0.89132,0.88994,0.88879,0.88751,0.88652,0.88551,0.88443,0.88326,0.88227,0.88112,0.88013,0.87905,0.87788,0.87688,0.87566,0.8747
332,Haiti,0.75104,0.74978,0.74833,0.74703,0.74576,0.74476,0.74356,0.74249,0.74157,0.74032,0.73934,0.73822,0.73712,0.73593,0.7347,0.7339,0.73281,0.73156,0.73053,0.72939,0.72834,0.72721,0.72624,0.7253,0.7241
334,Heard Island and McDonald Islands,0.91922,0.91951,0.91903,0.91889,0.91913,0.919,0.91965,0.92034,0.9211,0.92146,0.92199,0.92251,0.92352,0.92366,0.92438,0.92481,0.92497,0.92546,0.92565,0.92548,0.92587,0.92596,0.92621,0.92625,0.92672
336,Holy See,0.91628,0.91626,0.91625,0.91623,0.91623,0.91185,0.90746,0.90308,0.89869,0.89428,0.88987,0.88547,0.87995,0.8723,0.86679,0.85908,0.85254,0.84596,0.84147,0.83709,0.8327,0.82828,0.8239,0.82109,0.81677
340,Honduras,0.77468,0.7729,0.77114,0.76951,0.76812,0.76666,0.76523,0.76407,0.76283,0.76179,0.76052,0.75935,0.75815,0.75697,0.75567,0.7546,0.75337,0.75205,0.75044,0.74945,0.74783,0.7468,0.74521,0.74397,0.74324
348,Hungary,0.91224,0.91218,0.91218,0.91219,0.91211,0.9121,0.91203,0.91201,0.91197,0.91193,0.91188,0.9119,0.91198,0.91216,0.9124,0.91276,0.91296,0.91304,0.913,0.91291,0.91279,0.91264,0.91257,0.91252,0.9124
352,Iceland,0.88931,0.88844,0.88763,0.88747,0.88747,0.88761,0.88898,0.89048,0.8908,0.89176,0.8919,0.89107,0.88956,0.88754,0.88525,0.88473,0.88431,0.88373,0.88344,0.88371,0.88381,0.88384,0.88411,0.88421,0.88437
356,India,0.7565,0.75284,0.74879,0.74508,0.74114,0.73749,0.73388,0.72992,0.72612,0.72319,0.71946,0.71553,0.7119,0.7081,0.70447,0.70082,0.69677,0.69336,0.6887,0.68567,0.68171,0.67791,0.67463,0.66989,0.66628
360,Indonesia,0.84751,0.84317,0.83935,0.83513,0.83083,0.82697,0.82312,0.81877,0.81543,0.81229,0.80854,0.80431,0.80023,0.79638,0.79223,0.78772,0.78306,0.77988,0.77505,0.7713,0.76737,0.76354,0.75911,0.75552,0.7522
364,Iran (Islamic Republic of),0.9253,0.92224,0.91935,0.91632,0.91282,0.91017,0.90755,0.90459,0.90141,0.8987,0.89594,0.89357,0.89065,0.88832,0.88557,0.88246,0.87983,0.87846,0.87524,0.8721,0.86958,0.86695,0.86419,0.86112,0.85864
368,Iraq,0.84751,0.84486,0.84164,0.83881,0.83649,0.83414,0.83185,0.82904,0.82676,0.82476,0.82195,0.81915,0.81719,0.81503,0.81248,0.81015,0.80843,0.80589,0.80376,0.8011,0.79869,0.79603,0.79399,0.79144,0.78908
372,Ireland,0.87671,0.87625,0.87605,0.87528,0.87525,0.87535,0.87534,0.8759,0.87621,0.87646,0.87686,0.87698,0.87722,0.87717,0.87721,0.87731,0.87722,0.87733,0.87735,0.8777,0.87768,0.87792,0.87805,0.87817,0.87836
833,Isle of Man,0.97275,0.97121,0.96966,0.96812,0.96658,0.96626,0.96594,0.96562,0.9653,0.96528,0.96525,0.96522,0.96519,0.96479,0.96439,0.96398,0.96358,0.96358,0.96358,0.96358,0.96358,0.96358,0.96358,0.96358,0.96358
376,Israel,0.72291,0.72264,0.72246,0.72236,0.72224,0.72216,0.72215,0.72215,0.72221,0.72222,0.72227,0.7225,0.72252,0.72265,0.72305,0.72359,0.724,0.72421,0.72459,0.72458,0.72457,0.72457,0.72456,0.72456,0.72455
380,Italy,0.91043,0.90989,0.90936,0.90898,0.90849,0.9066,0.90472,0.90283,0.90091,0.89901,0.89707,0.89519,0.89328,0.89138,0.88928,0.88724,0.88521,0.88304,0.88076,0.87864,0.87644,0.87456,0.87269,0.87147,0.87002
388,Jamaica,0.68267,0.68067,0.679,0.67721,0.67559,0.6739,0.67253,0.67101,0.66974,0.66827,0.66689,0.66532,0.66377,0.66242,0.66101,0.65948,0.65771,0.65608,0.65448,0.65257,0.65048,0.64953,0.64782,0.64637,0.64464
392,Japan,0.82285,0.8195,0.81675,0.81379,0.81054,0.8074,0.80462,0.80221,0.79914,0.7958,0.79315,0.78983,0.78624,0.78306,0.77972,0.77584,0.77301,0.7695,0.76633,0.76261,0.75879,0.75638,0.75296,0.74855,0.74628
832,Jersey,0.95188,0.95168,0.95075,0.95042,0.95041,0.95022,0.95059,0.95151,0.95235,0.95279,0.95317,0.95344,0.95371,0.95383,0.95372,0.95367,0.9536,0.95367,0.95418,0.95458,0.95485,0.95504,0.95568,0.95577,0.95592
400,Jordan,0.9628,0.96211,0.96157,0.96139,0.96137,0.96154,0.96162,0.96182,0.96185,0.96181,0.96179,0.96174,0.96171,0.96165,0.96164,0.96162,0.96158,0.96153,0.96149,0.96144,0.96139,0.96133,0.96132,0.96128,0.96126
398,Kazakhstan,0.90288,0.90038,0.8981,0.89609,0.89426,0.8932,0.89238,0.89208,0.89155,0.89116,0.8906,0.89014,0.88978,0.88926,0.88858,0.88799,0.88731,0.88684,0.88642,0.88591,0.88549,0.88485,0.88457,0.88384,0.88364
404,Kenya,0.84226,0.83914,0.83588,0.83246,0.82912,0.82652,0.82337,0.82042,0.81748,0.81446,0.81156,0.80875,0.80593,0.80276,0.79938,0.79645,0.79224,0.79006,0.78625,0.78393,0.78045,0.77777,0.77453,0.77145,0.76833
296,Kiribati,0.81769,0.81534,0.8113,0.80806,0.80592,0.80378,0.80122,0.79998,0.79697,0.79488,0.79249,0.78901,0.78656,0.78373,0.77995,0.77777,0.77358,0.76963,0.76755,0.76475,0.76137,0.75768,0.75462,0.75206,0.74999
414,Kuwait,0.91593,0.91303,0.91001,0.90738,0.90537,0.90219,0.8996,0.8981,0.89609,0.8936,0.89155,0.88853,0.88681,0.88538,0.88372,0.88219,0.88029,0.87804,0.87636,0.87389,0.87126,0.86924,0.86644,0.86423,0.86217
417,Kyrgyzstan,0.90947,0.9043,0.90036,0.89626,0.89273,0.89212,0.89169,0.8915,0.89137,0.89118,0.89102,0.89076,0.89054,0.89028,0.89001,0.88976,0.88948,0.88924,0.889,0.88879,0.88856,0.88832,0.88813,0.88795,0.88766
432,Landlocked developing countries (LLDCs),0.80923,0.80807,0.80711,0.80602,0.80507,0.80387,0.80295,0.80202,0.80092,0.79994,0.79902,0.79801,0.79703,0.79608,0.79518,0.79432,0.7934,0.79262,0.79172,0.79082,0.78978,0.78899,0.78799,0.78709,0.78622
418,Lao People's Democratic Republic,0.83294,0.83251,0.83216,0.83185,0.83138,0.8311,0.83067,0.83028,0.8301,0.82972,0.8295,0.82914,0.82888,0.82847,0.82825,0.82786,0.82746,0.82712,0.82679,0.82669,0.82633,0.82614,0.8259,0.82572,0.82547
419,Latin America and the Caribbean,0.77782,0.7759,0.77424,0.77262,0.77086,0.76916,0.76754,0.76582,0.76429,0.76284,0.76109,0.75947,0.75772,0.75608,0.75445,0.75295,0.75132,0.74959,0.748,0.74628,0.74475,0.74318,0.74135,0.73996,0.73793
428,Latvia,0.98909,0.98904,0.98898,0.98892,0.98886,0.98872,0.98858,0.98844,0.9883,0.9882,0.9881,0.9881,0.9881,0.98811,0.98832,0.98853,0.98863,0.98863,0.98863,0.98858,0.98853,0.98853,0.98853,0.98853,0.98853
199,Least Developed Countries (LDCs),0.81618,0.81265,0.80954,0.8064,0.80287,0.79952,0.79646,0.79283,0.79007,0.78688,0.78415,0.78092,0.77691,0.77386,0.77008,0.76679,0.76349,0.7598,0.75582,0.75303,0.74948,0.74567,0.74328,0.73921,0.73534
422,Lebanon,0.95577,0.95557,0.95541,0.95528,0.95523,0.95518,0.95514,0.95511,0.95508,0.95506,0.95503,0.95503,0.95503,0.95668,0.95842,0.96013,0.9618,0.96188,0.96189,0.96186,0.96183,0.96181,0.96179,0.96178,0.96175
426,Lesotho,0.94499,0.94415,0.94328,0.94244,0.94163,0.94158,0.94155,0.94153,0.94151,0.9415,0.94149,0.94147,0.94143,0.9414,0.94136,0.94131,0.94125,0.94121,0.94116,0.94111,0.94108,0.94105,0.94103,0.94101,0.94099
430,Liberia,0.91569,0.91571,0.91563,0.91571,0.9156,0.91559,0.91547,0.91531,0.91533,0.9153,0.91512,0.91512,0.91502,0.91497,0.91496,0.91494,0.91493,0.91485,0.91484,0.91477,0.91471,0.91477,0.91481,0.9148,0.91475
434,Libya,0.98025,0.97984,0.97916,0.97875,0.9786,0.9785,0.97845,0.97845,0.97834,0.97793,0.97762,0.97691,0.97673,0.97627,0.97622,0.97624,0.97628,0.97614,0.97623,0.97618,0.97597,0.97609,0.97616,0.97606,0.97603
438,Liechtenstein,0.98449,0.98449,0.98449,0.98449,0.98449,0.98424,0.98396,0.98369,0.98341,0.98313,0.98285,0.98259,0.98257,0.98247,0.98247,0.98246,0.98237,0.98222,0.98199,0.98165,0.98139,0.98115,0.98088,0.98062,0.98042
440,Lithuania,0.98874,0.9887,0.98865,0.98861,0.98857,0.98853,0.9885,0.98846,0.98845,0.98845,0.98845,0.98845,0.98846,0.98891,0.98936,0.98981,0.99015,0.99015,0.99015,0.9901,0.99005,0.99005,0.99005,0.99005,0.99005
442,Luxembourg,0.98549,0.98552,0.98552,0.98553,0.98552,0.98527,0.98473,0.98431,0.98381,0.98335,0.98275,0.98242,0.98227,0.98231,0.98233,0.98237,0.98228,0.98212,0.98176,0.98132,0.98086,0.98048,0.98003,0.97948,0.97914
450,Madagascar,0.82309,0.81973,0.81628,0.81188,0.80867,0.80462,0.80095,0.79747,0.79426,0.79119,0.78817,0.78498,0.78107,0.77695,0.7738,0.76949,0.76628,0.76272,0.75947,0.75473,0.75171,0.74802,0.74417,0.74107,0.73758
454,Malawi,0.80662,0.80653,0.80653,0.80657,0.80669,0.80665,0.80679,0.80691,0.807,0.80712,0.80721,0.80725,0.80725,0.80733,0.80732,0.80731,0.80733,0.80744,0.80744,0.80747,0.80755,0.80762,0.80764,0.80767,0.80772
458,Malaysia,0.78113,0.77716,0.77305,0.76937,0.766,0.76209,0.75888,0.75509,0.75143,0.74799,0.74425,0.74097,0.73701,0.73357,0.72944,0.72562,0.72064,0.71771,0.71351,0.71025,0.70649,0.70312,0.69942,0.69529,0.69199
462,Maldives,0.9313,0.92664,0.92246,0.91769,0.91416,0.90984,0.90743,0.90414,0.90181,0.89902,0.89594,0.89198,0.88928,0.88423,0.87919,0.87556,0.87064,0.86687,0.86203,0.85756,0.85329,0.84898,0.84449,0.84239,0.83747
466,Mali,0.98417,0.98389,0.98362,0.98324,0.98291,0.98244,0.98195,0.98142,0.98097,0.98067,0.98033,0.98006,0.97983,0.97962,0.97943,0.97932,0.97914,0.97902,0.97886,0.97875,0.97857,0.97842,0.97827,0.97817,0.97803
470,Malta,0.93038,0.92847,0.9265,0.92472,0.92361,0.92361,0.92361,0.92353,0.92345,0.92344,0.92336,0.9233,0.9233,0.9233,0.9233,0.92333,0.92336,0.92338,0.92338,0.92338,0.92338,0.92338,0.92338,0.92338,0.92338
584,Marshall Islands,0.89347,0.89046,0.88772,0.88456,0.88066,0.87753,0.87475,0.87235,0.86886,0.86545,0.86166,0.85781,0.85522,0.85042,0.84773,0.8437,0.84056,0.83705,0.83351,0.83178,0.82837,0.82417,0.82052,0.81697,0.8137
474,Martinique,0.77995,0.77884,0.77753,0.77547,0.77302,0.76982,0.76503,0.76097,0.75605,0.75063,0.74646,0.74166,0.73659,0.73236,0.7274,0.72359,0.71876,0.71525,0.71109,0.7073,0.70317,0.69924,0.69413,0.69055,0.68512
478,Mauritania,0.97731,0.97707,0.97675,0.97635,0.97594,0.97547,0.97498,0.97444,0.974,0.97371,0.97341,0.97313,0.9729,0.97264,0.97238,0.97216,0.97193,0.97169,0.97149,0.97125,0.97107,0.97085,0.9707,0.97052,0.97039
480,Mauritius,0.51881,0.51259,0.50697,0.50099,0.4949,0.48974,0.48393,0.47897,0.47524,0.47137,0.46668,0.46311,0.45713,0.45131,0.44305,0.43805,0.43123,0.42479,0.41729,0.41148,0.40583,0.39907,0.3928,0.38534,0.38002
175,Mayotte,0.90879,0.90526,0.90158,0.89838,0.89459,0.89084,0.88791,0.8844,0.88115,0.87853,0.87567,0.87208,0.8691,0.86557,0.86205,0.85812,0.85456,0.85142,0.84724,0.84391,0.8405,0.83813,0.8341,0.83058,0.82661
484,Mexico,0.73122,0.72878,0.72681,0.72451,0.72242,0.72019,0.71858,0.71635,0.71463,0.71242,0.71055,0.70852,0.70653,0.70467,0.70245,0.70071,0.69855,0.69628,0.69417,0.69217,0.68962,0.68739,0.68597,0.68395,0.68162
583,Micronesia (Federated States of),0.74829,0.74457,0.74029,0.73669,0.7327,0.72848,0.72442,0.71989,0.71648,0.71277,0.70907,0.7054,0.70092,0.69657,0.69268,0.6886,0.68385,0.68009,0.67594,0.67167,0.66801,0.66399,0.65941,0.65556,0.65186
492,Monaco,0.9059,0.90573,0.9056,0.90574,0.90591,0.90593,0.90591,0.90582,0.90582,0.90582,0.90582,0.90582,0.90395,0.90274,0.89966,0.89658,0.8935,0.89093,0.88838,0.88581,0.88326,0.88325,0.88325,0.88325,0.88325
496,Mongolia,0.96166,0.96114,0.96071,0.96041,0.95995,0.95948,0.95914,0.95868,0.95822,0.95799,0.95767,0.95734,0.95705,0.95662,0.95621,0.95592,0.95554,0.95525,0.95498,0.9547,0.95442,0.95415,0.95391,0.9536,0.95333
499,Montenegro,0.85472,0.85289,0.85107,0.84947,0.84808,0.84751,0.84676,0.8463,0.84589,0.8458,0.84539,0.84492,0.8445,0.84434,0.84415,0.844,0.84368,0.84338,0.84295,0.84249,0.84202,0.8416,0.84119,0.84084,0.8403
500,Montserrat,0.57561,0.57441,0.58923,0.60834,0.6226,0.62413,0.62409,0.62313,0.62235,0.62135,0.62036,0.61938,0.61829,0.61737,0.61606,0.61523,0.61395,0.61278,0.61197,0.6105,0.6096,0.6078,0.6074,0.60547,0.60476
504,Morocco,0.91177,0.91098,0.91021,0.90906,0.9081,0.90695,0.90562,0.90442,0.90309,0.90159,0.90027,0.89896,0.89774,0.89641,0.89519,0.8942,0.89288,0.89182,0.89052,0.88926,0.88811,0.88716,0.88594,0.88504,0.88354
508,Mozambique,0.85256,0.84972,0.84661,0.84388,0.84056,0.8373,0.83486,0.83199,0.82905,0.82664,0.8242,0.82098,0.81825,0.81499,0.81223,0.80889,0.80604,0.80314,0.80013,0.79697,0.79366,0.79117,0.78803,0.78492,0.7816
104,Myanmar,0.85588,0.85285,0.85007,0.84752,0.84431,0.84171,0.83899,0.83648,0.8338,0.83123,0.82876,0.82579,0.82312,0.8198,0.81668,0.81439,0.81061,0.80809,0.80543,0.80235,0.79943,0.79621,0.79358,0.79113,0.78868
516,Namibia,0.97419,0.97406,0.97392,0.97379,0.97365,0.97356,0.97347,0.97339,0.9733,0.97323,0.97318,0.97312,0.97306,0.97298,0.9729,0.97283,0.97275,0.97268,0.97259,0.97253,0.97249,0.97247,0.97247,0.97247,0.97247
520,Nauru,0.88423,0.88055,0.87653,0.87432,0.87055,0.86787,0.86432,0.86111,0.85791,0.85455,0.85085,0.84767,0.844,0.84073,0.83719,0.83315,0.83018,0.8274,0.82382,0.8199,0.81579,0.81223,0.80939,0.80554,0.80306
524,Nepal,0.84871,0.84852,0.84821,0.84808,0.84804,0.84796,0.84806,0.84799,0.84802,0.84803,0.84796,0.84796,0.84793,0.84789,0.84791,0.84763,0.84757,0.84741,0.84735,0.8472,0.84708,0.84699,0.84674,0.84667,0.8467
528,Netherlands (Kingdom of the),0.94622,0.94289,0.94016,0.93754,0.93519,0.93349,0.93177,0.93024,0.92888,0.92759,0.92625,0.92495,0.92343,0.92196,0.92067,0.91921,0.91761,0.91627,0.9146,0.9128,0.91195,0.91072,0.90918,0.90779,0.90634
540,New Caledonia,0.70301,0.69979,0.69691,0.69384,0.69055,0.68796,0.68471,0.6814,0.67907,0.67616,0.67354,0.67082,0.66691,0.66412,0.66089,0.65799,0.65527,0.65257,0.6482,0.6461,0.64241,0.63965,0.63688,0.63323,0.63076
554,New Zealand,0.70336,0.69913,0.69472,0.69124,0.6876,0.68475,0.68214,0.67994,0.67797,0.67587,0.67347,0.67122,0.66893,0.66648,0.66405,0.66141,0.65934,0.65628,0.65399,0.65103,0.6478,0.64568,0.64326,0.64031,0.63792
558,Nicaragua,0.8704,0.86901,0.86758,0.86601,0.86457,0.86262,0.86029,0.85821,0.85583,0.85365,0.85138,0.84932,0.84687,0.84457,0.84225,0.84021,0.83754,0.83508,0.83293,0.8299,0.8276,0.82493,0.82291,0.82039,0.81792
562,Niger,0.95257,0.95157,0.95036,0.94929,0.94816,0.94695,0.94596,0.94487,0.94397,0.94289,0.94177,0.94067,0.93947,0.93829,0.93749,0.93647,0.93527,0.93449,0.93369,0.93276,0.93174,0.93093,0.93016,0.92901,0.92867
566,Nigeria,0.85955,0.85942,0.85932,0.85906,0.85894,0.85868,0.85842,0.85803,0.85776,0.85736,0.85708,0.85682,0.85651,0.85634,0.85611,0.85582,0.85569,0.85547,0.85524,0.855,0.85486,0.85472,0.85447,0.85426,0.85403
570,Niue,0.77464,0.78473,0.80611,0.82643,0.83752,0.8408,0.84157,0.8395,0.83757,0.83533,0.83301,0.8314,0.82901,0.82737,0.82495,0.82263,0.8203,0.81842,0.81618,0.81439,0.81268,0.81025,0.80783,0.80545,0.80411
574,Norfolk Island,0.75773,0.75502,0.7511,0.74832,0.74498,0.74246,0.74018,0.73618,0.73361,0.73069,0.72744,0.72497,0.72039,0.71683,0.71494,0.71032,0.7079,0.70385,0.69948,0.69746,0.69252,0.69176,0.68804,0.68438,0.68102
807,North Macedonia,0.93833,0.93819,0.93804,0.93754,0.93709,0.93645,0.93566,0.93487,0.93408,0.93406,0.93289,0.93249,0.93169,0.93091,0.93059,0.92996,0.92974,0.92896,0.92811,0.92736,0.92652,0.92574,0.92494,0.92423,0.92363
15,Northern Africa,0.92731,0.92459,0.92194,0.91925,0.91673,0.91375,0.91126,0.90787,0.90545,0.9026,0.89981,0.89657,0.89401,0.89092,0.88831,0.88546,0.88222,0.87942,0.8767,0.87353,0.87063,0.86862,0.86558,0.86298,0.86003
747,Northern Africa and Western Asia,0.90066,0.89775,0.89475,0.89219,0.88901,0.88629,0.88324,0.88014,0.87708,0.87442,0.8718,0.86838,0.8656,0.86235,0.86012,0.85659,0.8536,0.85105,0.84797,0.84502,0.84223,0.83969,0.83638,0.83405,0.83105
21,Northern America,0.85893,0.85795,0.85698,0.85592,0.85503,0.85416,0.85303,0.85192,0.8511,0.85031,0.84947,0.84868,0.84791,0.84697,0.84617,0.84503,0.84422,0.84347,0.8426,0.84201,0.84103,0.84026,0.8395,0.83841,0.83766
580,Northern Mariana Islands,0.67008,0.66383,0.65685,0.651,0.64639,0.6416,0.63704,0.63411,0.6311,0.62851,0.62511,0.62204,0.6186,0.61467,0.61174,0.60741,0.60451,0.5997,0.59537,0.59233,0.58874,0.5852,0.58016,0.57758,0.57418
578,Norway,0.95619,0.95563,0.95504,0.95467,0.95443,0.95419,0.95395,0.95389,0.95372,0.9536,0.95342,0.95313,0.9527,0.9522,0.95172,0.95132,0.95099,0.95074,0.95059,0.95051,0.9504,0.95032,0.95019,0.95015,0.95004
9,Oceania,0.86624,0.86284,0.85998,0.85668,0.85366,0.85026,0.84709,0.84421,0.84137,0.83843,0.83549,0.83257,0.82887,0.82572,0.82256,0.81942,0.81597,0.81228,0.80955,0.80608,0.8035,0.79982,0.79605,0.79326,0.78993
543,Oceania (exc. Australia and New Zealand),0.86235,0.85824,0.85471,0.85097,0.8472,0.84327,0.83964,0.8356,0.83186,0.82836,0.8251,0.82129,0.81731,0.81321,0.80884,0.80521,0.80124,0.7972,0.79349,0.78964,0.78499,0.78173,0.77729,0.77315,0.7697
512,Oman,0.93862,0.93616,0.93364,0.93061,0.92827,0.926,0.92268,0.92086,0.9181,0.91499,0.9135,0.91108,0.90861,0.9063,0.90389,0.90202,0.89953,0.89788,0.89477,0.89232,0.8893,0.88793,0.88535,0.88414,0.88146
586,Pakistan,0.92143,0.91579,0.91134,0.90776,0.90371,0.89857,0.89495,0.89027,0.88735,0.88379,0.87944,0.87597,0.8716,0.86732,0.86257,0.85831,0.85415,0.84928,0.84516,0.84147,0.83639,0.83203,0.82858,0.82436,0.81979
585,Palau,0.88515,0.87666,0.866,0.85892,0.84995,0.84119,0.83089,0.82155,0.81133,0.80096,0.79055,0.78161,0.77228,0.76289,0.75353,0.74409,0.73536,0.72623,0.71488,0.70625,0.69469,0.68614,0.67486,0.66509,0.65483
591,Panama,0.74547,0.74387,0.74259,0.74135,0.7403,0.73906,0.73793,0.73717,0.7362,0.73514,0.73414,0.73288,0.73181,0.73051,0.72964,0.72807,0.72697,0.72581,0.72456,0.72324,0.72209,0.72113,0.72004,0.71905,0.7176
598,Papua New Guinea,0.90016,0.8966,0.89372,0.88984,0.88708,0.88343,0.88019,0.87698,0.87375,0.87106,0.86816,0.86459,0.86077,0.85775,0.85381,0.85067,0.84683,0.84282,0.83944,0.83637,0.83291,0.8286,0.82591,0.82248,0.81862
600,Paraguay,0.95179,0.95166,0.9515,0.95147,0.95153,0.95153,0.95163,0.95168,0.95168,0.95181,0.95176,0.95173,0.95167,0.95166,0.95162,0.95153,0.95155,0.95148,0.95148,0.95146,0.95143,0.95144,0.95144,0.95141,0.95141
604,Peru,0.74143,0.74115,0.74084,0.7405,0.74026,0.74014,0.74001,0.74004,0.73985,0.73972,0.73953,0.73928,0.7391,0.73901,0.73897,0.73891,0.7388,0.73875,0.73874,0.73867,0.73866,0.73859,0.7386,0.73853,0.73849
608,Philippines,0.75458,0.75106,0.74695,0.7431,0.74007,0.73572,0.73167,0.72832,0.72547,0.72203,0.7191,0.71544,0.71202,0.70828,0.70497,0.70104,0.69673,0.69329,0.68873,0.68533,0.68198,0.67761,0.67374,0.67057,0.66782
612,Pitcairn,0.80051,0.79568,0.79191,0.7871,0.78357,0.77867,0.77445,0.77107,0.76764,0.76386,0.76042,0.7556,0.75169,0.74721,0.7431,0.73951,0.73472,0.73082,0.7258,0.72281,0.71779,0.71454,0.70958,0.70604,0.7016
616,Poland,0.95201,0.95301,0.95402,0.95502,0.95599,0.957,0.95793,0.95886,0.95964,0.96001,0.96099,0.96207,0.9632,0.96456,0.96608,0.96749,0.96874,0.96982,0.97093,0.97193,0.97308,0.97378,0.97491,0.97557,0.97614
620,Portugal,0.90297,0.90232,0.90168,0.90097,0.90044,0.89986,0.8994,0.89914,0.89946,0.89985,0.90062,0.90155,0.90226,0.90254,0.90228,0.90174,0.90115,0.90062,0.90015,0.89945,0.899,0.89852,0.89818,0.89786,0.89737
630,Puerto Rico,0.71182,0.70998,0.70818,0.70658,0.70523,0.70407,0.70312,0.70243,0.70172,0.70109,0.7003,0.69943,0.69892,0.69793,0.69704,0.69629,0.69471,0.69334,0.69109,0.68959,0.6881,0.68629,0.68543,0.68462,0.68419
634,Qatar,0.90865,0.9036,0.89882,0.89539,0.89036,0.88669,0.88294,0.87839,0.87519,0.87172,0.86777,0.86365,0.85989,0.85574,0.85207,0.84703,0.8442,0.84041,0.83568,0.83216,0.82918,0.82579,0.82098,0.81683,0.8131
410,Republic of Korea,0.78776,0.78391,0.78037,0.7766,0.77266,0.76728,0.76243,0.75736,0.75194,0.74729,0.74291,0.7375,0.73422,0.72859,0.7238,0.7195,0.71519,0.71034,0.7066,0.70088,0.6969,0.69208,0.68631,0.6838,0.67826
498,Republic of Moldova,0.96585,0.96585,0.96602,0.96607,0.96623,0.96646,0.96654,0.96682,0.96724,0.96739,0.96758,0.96801,0.96842,0.96881,0.9693,0.96982,0.97034,0.97062,0.97084,0.9711,0.97128,0.97149,0.97174,0.97197,0.97225
638,Réunion,0.68546,0.67861,0.67138,0.66488,0.65854,0.65336,0.64738,0.64476,0.63996,0.63618,0.62962,0.62541,0.61932,0.61286,0.60504,0.59963,0.59304,0.58705,0.58194,0.57622,0.56926,0.56323,0.55884,0.55334,0.54535
642,Romania,0.88813,0.88793,0.88781,0.88776,0.88756,0.8874,0.88721,0.88705,0.88689,0.88677,0.8866,0.88659,0.88649,0.8866,0.88691,0.88713,0.8873,0.88723,0.88711,0.88686,0.88662,0.88642,0.88615,0.88604,0.88585
643,Russian Federation,0.9534,0.95286,0.95241,0.95192,0.9515,0.95087,0.95039,0.94993,0.94944,0.94901,0.94861,0.94826,0.94805,0.94778,0.94758,0.9474,0.94724,0.94706,0.94685,0.94667,0.94656,0.9463,0.9461,0.94596,0.94576
646,Rwanda,0.88638,0.88637,0.88635,0.88634,0.88633,0.8863,0.88628,0.88626,0.88625,0.88623,0.88622,0.88621,0.88619,0.88618,0.88618,0.88618,0.88617,0.88616,0.88616,0.88615,0.88615,0.88615,0.88615,0.88615,0.88615
652,Saint Barthélemy,0.96323,0.96255,0.96255,0.96255,0.96255,0.96433,0.96668,0.96917,0.9716,0.97364,0.97398,0.97426,0.97446,0.97462,0.97479,0.97494,0.97512,0.97539,0.97559,0.97564,0.97596,0.97624,0.97653,0.97688,0.97728
654,Saint Helena,0.6313,0.63036,0.62958,0.62952,0.63023,0.63157,0.63365,0.63695,0.63931,0.64054,0.6415,0.64214,0.6426,0.64329,0.64359,0.64404,0.64407,0.64313,0.64298,0.64227,0.64169,0.64152,0.64157,0.64172,0.64217
659,Saint Kitts and Nevis,0.49133,0.49,0.48831,0.48677,0.48502,0.48353,0.48203,0.48033,0.47888,0.47734,0.47581,0.474,0.47247,0.47092,0.46957,0.46764,0.46611,0.46424,0.4632,0.4613,0.45983,0.4583,0.45649,0.45477,0.45295
662,Saint Lucia,0.81072,0.80915,0.80804,0.8063,0.8049,0.80383,0.80244,0.8009,0.79983,0.79838,0.79702,0.79552,0.79413,0.79245,0.79108,0.78961,0.78825,0.78693,0.78528,0.7839,0.78207,0.78081,0.77899,0.77785,0.77613
663,Saint Martin (French Part),0.95805,0.95606,0.95494,0.95335,0.95196,0.95102,0.94982,0.94874,0.94739,0.94604,0.94436,0.94371,0.94183,0.94033,0.93889,0.93744,0.93526,0.93468,0.93254,0.93096,0.9294,0.92799,0.92644,0.92507,0.92348
666,Saint Pierre and Miquelon,0.88455,0.8843,0.88447,0.88437,0.88413,0.88357,0.88321,0.88242,0.88209,0.8813,0.88056,0.88027,0.87886,0.87864,0.87727,0.87711,0.87645,0.87636,0.87653,0.87666,0.87675,0.87719,0.87679,0.87716,0.87749
670,Saint Vincent and the Grenadines,0.7662,0.7649,0.76392,0.76288,0.76161,0.76063,0.7598,0.75921,0.75821,0.75744,0.75662,0.75572,0.75465,0.75338,0.7522,0.75126,0.75005,0.74907,0.74802,0.74661,0.7456,0.74453,0.74374,0.74225,0.74161
882,Samoa,0.79065,0.78956,0.78853,0.78778,0.78645,0.78543,0.78491,0.78401,0.78317,0.78153,0.78127,0.77808,0.77716,0.7753,0.7746,0.77269,0.77175,0.76962,0.76885,0.76666,0.7662,0.76434,0.7623,0.76245,0.75995
674,San Marino,0.91675,0.91675,0.91675,0.91675,0.91675,0.91266,0.90855,0.90445,0.90032,0.89624,0.89218,0.88812,0.88409,0.88043,0.87665,0.87324,0.86913,0.86507,0.86094,0.85678,0.85263,0.8485,0.84443,0.84158,0.83789
678,Sao Tome and Principe,0.78435,0.78454,0.78432,0.78458,0.78474,0.78645,0.7884,0.79051,0.79197,0.79451,0.79457,0.79457,0.7946,0.7946,0.7946,0.79461,0.79461,0.79461,0.79462,0.79463,0.79464,0.79464,0.79466,0.79467,0.79467
682,Saudi Arabia,0.95242,0.94987,0.94713,0.94477,0.94243,0.94002,0.93712,0.93488,0.93196,0.92912,0.92729,0.92488,0.92263,0.91976,0.91736,0.91545,0.91329,0.90988,0.90749,0.9054,0.90235,0.9002,0.89764,0.89508,0.89265
686,Senegal,0.94824,0.94745,0.94702,0.94622,0.94571,0.94493,0.94425,0.9435,0.94287,0.94219,0.94157,0.94091,0.94025,0.93955,0.93896,0.93826,0.93767,0.93695,0.93651,0.9359,0.93519,0.93446,0.93402,0.93352,0.93278
688,Serbia,0.92724,0.92701,0.92677,0.9266,0.92685,0.92698,0.92722,0.92667,0.92615,0.92604,0.9255,0.92496,0.92459,0.92437,0.92405,0.92367,0.92353,0.92292,0.9225,0.92169,0.92129,0.92067,0.92013,0.91957,0.91919
690,Seychelles,0.76236,0.75918,0.75611,0.75304,0.75013,0.74698,0.74404,0.7401,0.73736,0.73363,0.73069,0.72706,0.72227,0.71924,0.71617,0.71188,0.70785,0.70337,0.69783,0.69479,0.68939,0.68449,0.67963,0.67567,0.6706
694,Sierra Leone,0.93661,0.93659,0.93654,0.93643,0.93645,0.93647,0.93643,0.93639,0.93633,0.9363,0.93625,0.93624,0.93621,0.93621,0.93621,0.93621,0.93607,0.936,0.93589,0.93574,0.9356,0.93547,0.93549,0.93546,0.93548
702,Singapore,0.91408,0.91035,0.90716,0.9042,0.90124,0.89833,0.89574,0.8939,0.89104,0.88929,0.88658,0.88291,0.87999,0.87734,0.87327,0.86951,0.86628,0.86327,0.859,0.8575,0.85339,0.84999,0.84579,0.84341,0.84002
534,Sint Maarten (Dutch part),0.97269,0.97213,0.97257,0.97257,0.97213,0.97257,0.975,0.97857,0.97898,0.98266,0.98296,0.98325,0.98337,0.9836,0.98374,0.98392,0.98405,0.98417,0.98444,0.98468,0.98482,0.98505,0.98527,0.98572,0.98613
703,Slovakia,0.97117,0.97111,0.97109,0.97103,0.97102,0.97074,0.97043,0.97017,0.96991,0.96967,0.96943,0.96925,0.96915,0.96926,0.96931,0.96948,0.96942,0.9693,0.96913,0.96878,0.96846,0.96826,0.96792,0.96765,0.9674
705,Slovenia,0.92291,0.92264,0.92241,0.92221,0.92205,0.9214,0.92079,0.92014,0.91954,0.91896,0.9183,0.91774,0.9172,0.91685,0.91663,0.91619,0.91588,0.9153,0.9147,0.91406,0.91356,0.91287,0.91233,0.91182,0.91121
722,Small island developing States (SIDS),0.78298,0.78012,0.77686,0.77375,0.77062,0.7677,0.7645,0.761,0.75804,0.75572,0.75288,0.74941,0.74599,0.74272,0.73936,0.73596,0.73255,0.7291,0.7255,0.72229,0.7186,0.71572,0.71185,0.70937,0.70541
90,Solomon Islands,0.83014,0.82736,0.82443,0.82168,0.81843,0.81504,0.81218,0.80863,0.80593,0.80279,0.80013,0.79678,0.794,0.79074,0.78716,0.78409,0.77961,0.77719,0.77377,0.77074,0.76751,0.76332,0.76055,0.7577,0.75465
706,Somalia,0.96269,0.95959,0.95703,0.95405,0.95171,0.94818,0.94553,0.94305,0.94028,0.93746,0.93491,0.9324,0.92952,0.92666,0.92383,0.92088,0.9187,0.91537,0.91266,0.90998,0.90711,0.90432,0.90188,0.89913,0.89615
710,South Africa,0.82398,0.82152,0.81883,0.81622,0.8137,0.81107,0.80867,0.80663,0.80405,0.8017,0.79967,0.79727,0.79495,0.79274,0.79064,0.78813,0.78526,0.78304,0.78063,0.77811,0.77606,0.77402,0.77077,0.76877,0.767
239,South Georgia and the South Sandwich Islands,0.91423,0.91464,0.91453,0.91541,0.91527,0.91555,0.91616,0.91719,0.91798,0.91826,0.91892,0.92028,0.92268,0.9259,0.9302,0.93518,0.93884,0.94126,0.94256,0.9429,0.94336,0.94358,0.94401,0.94417,0.94432
728,South Sudan,0.93468,0.93437,0.93397,0.93363,0.93333,0.93309,0.93284,0.93254,0.93225,0.93192,0.93152,0.9312,0.93078,0.93048,0.93007,0.92985,0.92957,0.92927,0.92895,0.9287,0.92847,0.92822,0.92779,0.92749,0.92738
35,South-Eastern Asia,0.80476,0.80083,0.79685,0.79293,0.78859,0.78448,0.77992,0.77621,0.7723,0.76887,0.76515,0.76079,0.75665,0.75235,0.74778,0.74315,0.73888,0.7354,0.73074,0.72645,0.72245,0.71752,0.71349,0.71028,0.70586
34,Southern Asia,0.7519,0.7485,0.74487,0.74118,0.73728,0.73375,0.72998,0.7263,0.72315,0.7197,0.71648,0.71284,0.70899,0.70494,0.70073,0.69715,0.69408,0.69056,0.68591,0.68217,0.67806,0.67587,0.67121,0.6678,0.66533
724,Spain,0.87853,0.87803,0.87746,0.877,0.87646,0.87586,0.87525,0.87454,0.87381,0.87312,0.87242,0.87172,0.87095,0.87036,0.86959,0.86881,0.86805,0.86715,0.86636,0.86534,0.86458,0.86386,0.86322,0.86268,0.86217
144,Sri Lanka,0.64003,0.63669,0.63255,0.63048,0.62637,0.62329,0.61938,0.6157,0.61266,0.60906,0.60545,0.60191,0.59899,0.59518,0.59148,0.58806,0.58436,0.58065,0.5771,0.57389,0.56932,0.56663,0.56397,0.55891,0.55486
275,State of Palestine,0.90032,0.9,0.89979,0.89973,0.89967,0.89963,0.89963,0.89962,0.89963,0.89962,0.8996,0.89962,0.89962,0.89971,0.89992,0.90017,0.9004,0.90056,0.90058,0.90056,0.90056,0.90055,0.90054,0.90054,0.90053
202,Sub-Saharan Africa,0.79446,0.79086,0.78733,0.78438,0.78067,0.77736,0.77355,0.77058,0.76698,0.76434,0.76073,0.75732,0.75343,0.75022,0.7468,0.74251,0.73868,0.73604,0.73168,0.72851,0.72441,0.72149,0.71747,0.71457,0.71058
729,Sudan,0.96945,0.96693,0.96473,0.9621,0.95979,0.95731,0.95471,0.95223,0.94941,0.94729,0.94518,0.94283,0.94012,0.93815,0.93565,0.93353,0.93089,0.92875,0.92673,0.92441,0.92226,0.91985,0.91735,0.91517,0.9128
740,Suriname,0.99304,0.99305,0.99302,0.99301,0.99301,0.99305,0.99308,0.99309,0.99313,0.99311,0.9931,0.99307,0.99304,0.99303,0.99301,0.993,0.99299,0.99295,0.99294,0.99289,0.99287,0.99286,0.99285,0.99284,0.99283
744,Svalbard and Jan Mayen Islands,0.92182,0.92089,0.91877,0.91827,0.91676,0.91562,0.91469,0.91405,0.9139,0.91382,0.91371,0.91317,0.91186,0.90856,0.90581,0.90332,0.90194,0.90013,0.89965,0.89993,0.90064,0.90103,0.90128,0.90175,0.9024
752,Sweden,0.99226,0.99223,0.99218,0.99216,0.99213,0.99203,0.99193,0.99183,0.99172,0.99163,0.99153,0.99153,0.99153,0.99164,0.99193,0.99222,0.99246,0.99247,0.99247,0.99245,0.99244,0.99243,0.99243,0.99243,0.99243
756,Switzerland,0.97357,0.97351,0.97348,0.97346,0.97329,0.97286,0.97232,0.97175,0.9712,0.97062,0.97003,0.96948,0.96905,0.96872,0.96846,0.96829,0.9679,0.96756,0.96705,0.96638,0.96585,0.96531,0.96476,0.96431,0.96383
760,Syrian Arab Republic,0.9508,0.95042,0.9499,0.94963,0.94972,0.95004,0.95027,0.9513,0.95172,0.95177,0.95177,0.95174,0.95172,0.95177,0.95205,0.95256,0.95292,0.95318,0.95322,0.95314,0.95311,0.95304,0.953,0.95297,0.95293
762,Tajikistan,0.98956,0.98932,0.98908,0.98903,0.989,0.98896,0.98897,0.98897,0.98897,0.98897,0.98901,0.98902,0.98905,0.98905,0.98905,0.98903,0.98902,0.989,0.98899,0.98898,0.98896,0.98895,0.98893,0.98892,0.98891
764,Thailand,0.82744,0.82448,0.82149,0.81849,0.81594,0.81334,0.81015,0.80729,0.805,0.80281,0.79994,0.79743,0.79385,0.79123,0.7886,0.78575,0.78203,0.77951,0.77658,0.7737,0.77138,0.76866,0.76536,0.76191,0.75962
626,Timor-Leste,0.92183,0.91857,0.91508,0.91155,0.90787,0.90408,0.90091,0.89852,0.89526,0.89162,0.88803,0.88555,0.88145,0.87775,0.87397,0.87088,0.86672,0.86374,0.85912,0.85618,0.85275,0.8492,0.84524,0.84271,0.83855
768,Togo,0.87732,0.87722,0.87708,0.87711,0.87691,0.87675,0.87668,0.87646,0.87603,0.87574,0.87543,0.87493,0.87456,0.87418,0.87375,0.87325,0.87278,0.87236,0.87197,0.87145,0.87107,0.87063,0.87018,0.86989,0.86955
772,Tokelau,0.89877,0.89671,0.89385,0.89194,0.88967,0.88831,0.88578,0.88437,0.88189,0.88009,0.87721,0.87435,0.87081,0.8696,0.86703,0.86417,0.86197,0.85953,0.85684,0.85512,0.85292,0.85019,0.84798,0.84583,0.84282
776,Tonga,0.75926,0.75842,0.75793,0.75708,0.75649,0.75543,0.75407,0.75254,0.75103,0.74852,0.74711,0.74562,0.74327,0.74202,0.73951,0.7378,0.73632,0.73387,0.73197,0.73041,0.72873,0.7266,0.72512,0.72319,0.72206
780,Trinidad and Tobago,0.89668,0.89548,0.89425,0.89313,0.89189,0.89034,0.8893,0.88833,0.88735,0.88618,0.88495,0.88376,0.88234,0.88136,0.88,0.87855,0.87791,0.87657,0.87544,0.874,0.87262,0.87168,0.86976,0.86961,0.86847
788,Tunisia,0.95042,0.94973,0.94929,0.94914,0.94908,0.94904,0.94935,0.94944,0.94946,0.94938,0.94923,0.94917,0.94926,0.94902,0.94902,0.94931,0.94934,0.94913,0.94923,0.949,0.94907,0.94892,0.94895,0.94905,0.94906
792,Türkiye,0.90839,0.90797,0.9076,0.90727,0.90685,0.90644,0.90608,0.90544,0.90518,0.90484,0.90444,0.90423,0.90405,0.90387,0.90365,0.90344,0.90311,0.90291,0.90251,0.9021,0.90168,0.90143,0.90102,0.90073,0.90052
795,Turkmenistan,0.97947,0.97891,0.97841,0.97782,0.97748,0.97725,0.97713,0.97699,0.97695,0.97684,0.97669,0.97657,0.97646,0.97629,0.97616,0.97604,0.97591,0.97576,0.97566,0.97555,0.97546,0.97538,0.97527,0.97515,0.97505
796,Turks and Caicos Islands,0.88275,0.88127,0.87979,0.87887,0.8778,0.87663,0.87547,0.87439,0.87356,0.87221,0.87116,0.87003,0.86879,0.86734,0.86645,0.86537,0.86394,0.86243,0.86144,0.86039,0.85922,0.85807,0.85705,0.85561,0.85461
798,Tuvalu,0.90029,0.89769,0.89422,0.89034,0.88703,0.88443,0.8812,0.87812,0.87478,0.87153,0.86867,0.86445,0.86027,0.85649,0.85385,0.84951,0.84732,0.84321,0.84018,0.83584,0.83418,0.83092,0.82703,0.8231,0.82
800,Uganda,0.81194,0.80924,0.807,0.80376,0.80086,0.79807,0.79494,0.79162,0.78892,0.7858,0.78299,0.77956,0.77697,0.77366,0.77162,0.76836,0.76558,0.7623,0.75877,0.75621,0.7533,0.74986,0.74668,0.74373,0.74002
804,Ukraine,0.93405,0.93383,0.93346,0.93339,0.93336,0.93342,0.93361,0.93392,0.93416,0.93441,0.93463,0.93493,0.93522,0.93555,0.93582,0.9361,0.93632,0.93649,0.93674,0.93691,0.93701,0.93723,0.93734,0.93746,0.93766
784,United Arab Emirates,0.9034,0.90047,0.89804,0.89486,0.89237,0.88983,0.88691,0.88385,0.88121,0.87862,0.87681,0.87389,0.87145,0.86936,0.86635,0.86361,0.86122,0.85882,0.85607,0.85344,0.85093,0.84853,0.84555,0.84305,0.84088
826,United Kingdom of Great Britain and Northern Ireland,0.97458,0.9741,0.97364,0.97322,0.973,0.97296,0.97289,0.97294,0.973,0.97311,0.97318,0.97325,0.97327,0.97328,0.9733,0.97329,0.9733,0.97333,0.97337,0.97342,0.97347,0.97348,0.97354,0.97358,0.97363
834,United Republic of Tanzania,0.76734,0.76345,0.75957,0.75532,0.75166,0.74733,0.74388,0.73995,0.73642,0.73336,0.72994,0.726,0.72225,0.71818,0.71443,0.71,0.70663,0.70271,0.69876,0.69453,0.69061,0.68696,0.68377,0.68047,0.67552
581,United States Minor Outlying Islands,0.84871,0.84861,0.8483,0.84793,0.84727,0.84713,0.84702,0.84696,0.84633,0.8461,0.8456,0.84518,0.84458,0.84427,0.84443,0.84399,0.84327,0.8434,0.84372,0.84398,0.84329,0.84304,0.84212,0.84185,0.84159
840,United States of America,0.85227,0.85126,0.85031,0.84937,0.84843,0.84757,0.8465,0.84556,0.84468,0.84373,0.84302,0.84239,0.84138,0.84065,0.83962,0.83884,0.83809,0.83715,0.83618,0.83558,0.83466,0.83404,0.83348,0.8324,0.83189
850,United States Virgin Islands,0.81893,0.81886,0.81874,0.81866,0.81857,0.81844,0.81834,0.81826,0.81825,0.81813,0.81801,0.81794,0.81783,0.81776,0.81765,0.81748,0.81739,0.81729,0.81715,0.81701,0.81693,0.81678,0.81671,0.8166,0.81645
858,Uruguay,0.90309,0.90355,0.90388,0.9044,0.90486,0.90528,0.90575,0.90612,0.90645,0.90687,0.90724,0.90752,0.90788,0.90815,0.90849,0.90881,0.90906,0.90936,0.90968,0.90994,0.91029,0.9107,0.9109,0.91119,0.91148
860,Uzbekistan,0.97951,0.97858,0.9778,0.97704,0.97648,0.97606,0.97571,0.97549,0.97525,0.97503,0.97485,0.9744,0.97405,0.97368,0.97323,0.97262,0.97229,0.97185,0.97131,0.97095,0.97075,0.97027,0.96985,0.9696,0.9692
548,Vanuatu,0.73741,0.73424,0.73123,0.72811,0.72504,0.7219,0.71903,0.71603,0.71311,0.71116,0.70831,0.70533,0.70175,0.69894,0.69616,0.69249,0.68988,0.6869,0.68408,0.68061,0.67726,0.67467,0.67214,0.66938,0.66557
862,Venezuela,0.85095,0.84961,0.84835,0.8467,0.84539,0.84369,0.84203,0.84014,0.83828,0.83639,0.83432,0.83275,0.83091,0.82878,0.82681,0.82469,0.82285,0.8212,0.81894,0.81711,0.81527,0.81317,0.81105,0.80933,0.80723
704,Viet Nam,0.79367,0.78966,0.78592,0.78246,0.77821,0.77485,0.77076,0.76661,0.76333,0.75929,0.75597,0.75209,0.74825,0.74372,0.73986,0.73639,0.73263,0.72853,0.72416,0.7205,0.71679,0.71286,0.70871,0.70577,0.70141
876,Wallis and Futuna Islands,0.89987,0.89585,0.89382,0.89172,0.88871,0.88585,0.88379,0.88104,0.87841,0.87594,0.87347,0.86998,0.86709,0.86454,0.86148,0.85848,0.85576,0.85366,0.85,0.84821,0.84525,0.84191,0.8396,0.83687,0.83383
145,Western Asia,0.88481,0.88169,0.87868,0.87598,0.87265,0.87001,0.86697,0.86388,0.86103,0.85804,0.8555,0.85268,0.85035,0.84706,0.84442,0.84102,0.83866,0.83588,0.83226,0.82931,0.82711,0.82382,0.82096,0.81797,0.81495
732,Western Sahara,0.96828,0.96686,0.96675,0.96753,0.96781,0.96971,0.97083,0.97124,0.97121,0.97139,0.97132,0.97125,0.97111,0.97097,0.97079,0.97064,0.9705,0.97036,0.97017,0.97006,0.96992,0.96988,0.9698,0.9698,0.96978
1,World,0.80132,0.7976,0.79459,0.79127,0.78777,0.78442,0.78118,0.77758,0.77485,0.77215,0.76878,0.76536,0.76194,0.75889,0.7554,0.75134,0.74815,0.74467,0.74146,0.73733,0.73467,0.73128,0.7282,0.72403,0.72127
887,Yemen,0.92941,0.92691,0.92387,0.92108,0.91843,0.91583,0.9129,0.91066,0.90807,0.90575,0.90302,0.90049,0.89752,0.89473,0.89176,0.8896,0.88679,0.88378,0.88149,0.87898,0.87613,0.87293,0.87014,0.86869,0.86603
894,Zambia,0.87567,0.87557,0.87555,0.87558,0.87555,0.87545,0.87546,0.87543,0.87541,0.87538,0.87538,0.87534,0.87537,0.87534,0.8754,0.87536,0.87538,0.87538,0.8754,0.87539,0.87546,0.87548,0.87545,0.87553,0.87547
716,Zimbabwe,0.79598,0.79533,0.79472,0.79404,0.79389,0.7937,0.7936,0.79354,0.79348,0.79347,0.79341,0.79333,0.79315,0.79297,0.79277,0.7926,0.79256,0.79254,0.79252,0.7925,0.79249,0.79248,0.79247,0.79247,0.79247